20000,Ebooks,Ebooks
20001,Ebooks > Fiction,Ebooks > Fiction
20002,Ebooks > Fiction > Science Fiction,Ebooks > Fiction > Science-Fiction
20003,Ebooks > Fiction > Fantasy,Ebooks > Fiction > Fantaisie
20004,Ebooks > Fiction > Romance,Ebooks > Fiction > Romance
20005,Ebooks > Fiction > Thriller & Suspense,Ebooks > Fiction > Thriller et Suspense
20006,Ebooks > Fiction > Mystery,Ebooks > Fiction > Mystère
20007,Ebooks > Fiction > Historical Fiction,Ebooks > Fiction > Fiction Historique
20008,Ebooks > Fiction > Young Adult,Ebooks > Fiction > Jeunes Adultes
20009,Ebooks > Fiction > Children's Literature,Ebooks > Fiction > Littérature pour Enfants
20010,Ebooks > Fiction > Short Stories,Ebooks > Fiction > Nouvelles
20011,Ebooks > Non-Fiction,Ebooks > Non-Fiction
20012,Ebooks > Non-Fiction > History,Ebooks > Non-Fiction > Histoire
20013,Ebooks > Non-Fiction > Biography & Autobiography,Ebooks > Non-Fiction > Biographie et Autobiographie
20014,Ebooks > Non-Fiction > Self-Help,Ebooks > Non-Fiction > Développement Personnel
20015,Ebooks > Non-Fiction > Business & Economics,Ebooks > Non-Fiction > Entreprise et Économie
20016,Ebooks > Non-Fiction > Science & Technology,Ebooks > Non-Fiction > Science et Technologie
20017,Ebooks > Non-Fiction > Health & Fitness,Ebooks > Non-Fiction > Santé et Bien-être
20018,Ebooks > Non-Fiction > Cookbooks,Ebooks > Non-Fiction > Livres de Cuisine
20019,Ebooks > Non-Fiction > Travel,Ebooks > Non-Fiction > Voyage
20020,Ebooks > Non-Fiction > Religion & Spirituality,Ebooks > Non-Fiction > Religion et Spiritualité
20021,Ebooks > Non-Fiction > Art & Photography,Ebooks > Non-Fiction > Art et Photographie
20022,Ebooks > Textbooks,Ebooks > Manuels Scolaires
20023,Ebooks > Textbooks > K-12,Ebooks > Manuels Scolaires > Primaire et Secondaire
20024,Ebooks > Textbooks > Higher Education,Ebooks > Manuels Scolaires > Enseignement Supérieur
20025,Ebooks > Textbooks > Professional & Technical,Ebooks > Manuels Scolaires > Professionnel et Technique
20026,Ebooks > Guides & Manuals,Ebooks > Guides et Manuels
20027,Ebooks > Guides & Manuals > How-To Guides,Ebooks > Guides et Manuels > Guides Pratiques
20028,Ebooks > Guides & Manuals > User Manuals,Ebooks > Guides et Manuels > Manuels d'Utilisation
20029,Ebooks > Guides & Manuals > Study Guides,Ebooks > Guides et Manuels > Guides d'Étude
20030,Audiobooks,Livres Audio
20031,Audiobooks > Fiction,Livres Audio > Fiction
20032,Audiobooks > Fiction > Science Fiction,Livres Audio > Fiction > Science-Fiction
20033,Audiobooks > Fiction > Fantasy,Livres Audio > Fiction > Fantaisie
20034,Audiobooks > Fiction > Romance,Livres Audio > Fiction > Romance
20035,Audiobooks > Fiction > Thriller & Suspense,Livres Audio > Fiction > Thriller et Suspense
20036,Audiobooks > Fiction > Mystery,Livres Audio > Fiction > Mystère
20037,Audiobooks > Fiction > Historical Fiction,Livres Audio > Fiction > Fiction Historique
20038,Audiobooks > Fiction > Young Adult,Livres Audio > Fiction > Jeunes Adultes
20039,Audiobooks > Fiction > Children's Literature,Livres Audio > Fiction > Littérature pour Enfants
20040,Audiobooks > Fiction > Short Stories,Livres Audio > Fiction > Nouvelles
20041,Audiobooks > Non-Fiction,Livres Audio > Non-Fiction
20042,Audiobooks > Non-Fiction > History,Livres Audio > Non-Fiction > Histoire
20043,Audiobooks > Non-Fiction > Biography & Autobiography,Livres Audio > Non-Fiction > Biographie et Autobiographie
20044,Audiobooks > Non-Fiction > Self-Help,Livres Audio > Non-Fiction > Développement Personnel
20045,Audiobooks > Non-Fiction > Business & Economics,Livres Audio > Non-Fiction > Entreprise et Économie
20046,Audiobooks > Non-Fiction > Science & Technology,Livres Audio > Non-Fiction > Science et Technologie
20047,Audiobooks > Non-Fiction > Health & Fitness,Livres Audio > Non-Fiction > Santé et Bien-être
20048,Audiobooks > Non-Fiction > Cookbooks,Livres Audio > Non-Fiction > Livres de Cuisine
20049,Audiobooks > Non-Fiction > Travel,Livres Audio > Non-Fiction > Voyage
20050,Audiobooks > Non-Fiction > Religion & Spirituality,Livres Audio > Non-Fiction > Religion et Spiritualité
20051,Audiobooks > Non-Fiction > Art & Photography,Livres Audio > Non-Fiction > Art et Photographie
20052,Music,Musique
20053,Music > Tracks,Musique > Morceaux
20054,Music > Albums,Musique > Albums
20055,Music > Sound Effects,Musique > Effets Sonores
20056,Music > Loops & Samples,Musique > Boucles et Échantillons
20057,Photography,Photographie
20058,Photography > Stock Photos,Photographie > Banques d'Images
20059,Photography > Presets & Filters,Photographie > Préréglages et Filtres
20060,Photography > Editing Tools,Photographie > Outils d'Édition
20061,Videography,Vidéographie
20062,Videography > Stock Footage,Vidéographie > Banques de Vidéos
20063,Videography > Templates & Presets,Vidéographie > Modèles et Préréglages
20064,Videography > Editing Software,Vidéographie > Logiciels de Montage
20065,Graphic Design,Conception Graphique
20066,Graphic Design > Templates,Conception Graphique > Modèles
20067,Graphic Design > Fonts,Conception Graphique > Polices
20068,Graphic Design > Icons & Illustrations,Conception Graphique > Icônes et Illustrations
20069,Art & Design,Art et Design
20070,Art & Design > Digital Artwork,Art et Design > Œuvres Numériques
20071,Art & Design > Brushes & Textures,Art et Design > Pinceaux et Textures
20072,Art & Design > Patterns,Art et Design > Motifs
20073,3D Models & Assets,Modèles et Assets 3D
20074,Software & Technology,Logiciels et Technologie
20075,Software & Technology > Software Applications,Logiciels et Technologie > Applications Logicielles
20076,Software & Technology > Plugins & Extensions,Logiciels et Technologie > Plugins et Extensions
20077,Software & Technology > Scripts & Code,Logiciels et Technologie > Scripts et Code
20078,Software & Technology > Templates & Themes,Logiciels et Technologie > Modèles et Thèmes
20079,Educational & Informational,Éducatif et Informatif
20080,Educational & Informational > Online Courses,Éducatif et Informatif > Cours en Ligne
20081,Educational & Informational > Tutorials & Guides,Éducatif et Informatif > Tutoriels et Guides
20082,Educational & Informational > Workbooks & Printables,Éducatif et Informatif > Cahiers d'Exercices et Imprimables
20083,Educational & Informational > E-learning Resources,Éducatif et Informatif > Ressources d'Apprentissage en Ligne
20084,Educational & Informational > Research & Data,Éducatif et Informatif > Recherche et Données
20085,Business & Marketing,Entreprise et Marketing
20086,Business & Marketing > Marketing Assets,Entreprise et Marketing > Assets Marketing
20087,Business & Marketing > Business Documents,Entreprise et Marketing > Documents Professionnels
20088,Business & Marketing > Stock Content,Entreprise et Marketing > Contenus Banque d'Images
20089,Business & Marketing > Presentations,Entreprise et Marketing > Présentations
20090,Games,Jeux
20091,Virtual Goods,Biens Virtuels
20092,Patterns & Textures,Motifs et Textures
20093,Printables,Imprimables
