20000,Ebooks
20001,Ebooks > Fiction
20002,Ebooks > Fiction > Science Fiction
20003,Ebooks > Fiction > Fantasy
20004,Ebooks > Fiction > Romance
20005,Ebooks > Fiction > Thriller & Suspense
20006,Ebooks > Fiction > Mystery
20007,Ebooks > Fiction > Historical Fiction
20008,Ebooks > Fiction > Young Adult
20009,Ebooks > Fiction > Children's Literature
20010,Ebooks > Fiction > Short Stories
20011,Ebooks > Non-Fiction
20012,Ebooks > Non-Fiction > History
20013,Ebooks > Non-Fiction > Biography & Autobiography
20014,Ebooks > Non-Fiction > Self-Help
20015,Ebooks > Non-Fiction > Business & Economics
20016,Ebooks > Non-Fiction > Science & Technology
20017,Ebooks > Non-Fiction > Health & Fitness
20018,Ebooks > Non-Fiction > Cookbooks
20019,Ebooks > Non-Fiction > Travel
20020,Ebooks > Non-Fiction > Religion & Spirituality
20021,Ebooks > Non-Fiction > Art & Photography
20022,Ebooks > Textbooks
20023,Ebooks > Textbooks > K-12
20024,Ebooks > Textbooks > Higher Education
20025,Ebooks > Textbooks > Professional & Technical
20026,Ebooks > Guides & Manuals
20027,Ebooks > Guides & Manuals > How-To Guides
20028,Ebooks > Guides & Manuals > User Manuals
20029,Ebooks > Guides & Manuals > Study Guides
20030,Audiobooks
20031,Audiobooks > Fiction
20032,Audiobooks > Fiction > Science Fiction
20033,Audiobooks > Fiction > Fantasy
20034,Audiobooks > Fiction > Romance
20035,Audiobooks > Fiction > Thriller & Suspense
20036,Audiobooks > Fiction > Mystery
20037,Audiobooks > Fiction > Historical Fiction
20038,Audiobooks > Fiction > Young Adult
20039,Audiobooks > Fiction > Children's Literature
20040,Audiobooks > Fiction > Short Stories
20041,Audiobooks > Non-Fiction
20042,Audiobooks > Non-Fiction > History
20043,Audiobooks > Non-Fiction > Biography & Autobiography
20044,Audiobooks > Non-Fiction > Self-Help
20045,Audiobooks > Non-Fiction > Business & Economics
20046,Audiobooks > Non-Fiction > Science & Technology
20047,Audiobooks > Non-Fiction > Health & Fitness
20048,Audiobooks > Non-Fiction > Cookbooks
20049,Audiobooks > Non-Fiction > Travel
20050,Audiobooks > Non-Fiction > Religion & Spirituality
20051,Audiobooks > Non-Fiction > Art & Photography
20052,Music
20053,Music > Tracks
20054,Music > Albums
20055,Music > Sound Effects
20056,Music > Loops & Samples
20057,Photography
20058,Photography > Stock Photos
20059,Photography > Presets & Filters
20060,Photography > Editing Tools
20061,Videography
20062,Videography > Stock Footage
20063,Videography > Templates & Presets
20064,Videography > Editing Software
20065,Graphic Design
20066,Graphic Design > Templates
20067,Graphic Design > Fonts
20068,Graphic Design > Icons & Illustrations
20069,Art & Design
20070,Art & Design > Digital Artwork
20071,Art & Design > Brushes & Textures
20072,Art & Design > Patterns
20073,3D Models & Assets
20074,Software & Technology
20075,Software & Technology > Software Applications
20076,Software & Technology > Plugins & Extensions
20077,Software & Technology > Scripts & Code
20078,Software & Technology > Templates & Themes
20079,Educational & Informational
20080,Educational & Informational > Online Courses
20081,Educational & Informational > Tutorials & Guides
20082,Educational & Informational > Workbooks & Printables
20083,Educational & Informational > E-learning Resources
20084,Educational & Informational > Research & Data
20085,Business & Marketing
20086,Business & Marketing > Marketing Assets
20087,Business & Marketing > Business Documents
20088,Business & Marketing > Stock Content
20089,Business & Marketing > Presentations
20090,Games
20091,Virtual Goods
20092,Patterns & Textures
20093,Printables
